pr_number,lifecycle,primary_class,primary_population,graph_maturity_role,stated_root_or_purpose,explicit_invariant_or_policy,proof_signature,planned_followup_signal,premerge_replacement_signal,corrective_relation_status,uncertainty_note
460,merged,production_corrective,include,post_453_459,"contain platform and tenant mutation authority across auth recovery branch workforce boundaries","platform authority distinct from tenant authority; tenant ownership before mutation","negative/positive RBAC tenancy audit regression proof",none,none,unadjudicated,"broad scope is observable; graph causal contribution not yet proven"
461,closed_unmerged,dependency_maintenance,exclude,post_453_459,"Dependabot actions/upload-artifact v7",none,"bot dependency update",none,none,not_applicable,"maintenance PR excluded from product-quality treatment"
462,closed_unmerged,dependency_maintenance,exclude,post_453_459,"Dependabot frontend minor/patch group",none,"bot dependency update",none,none,not_applicable,"maintenance PR excluded from product-quality treatment"
463,closed_unmerged,dependency_maintenance,exclude,post_453_459,"Dependabot @vitejs/plugin-react major update",none,"bot dependency update",none,none,not_applicable,"maintenance PR excluded from product-quality treatment"
464,closed_unmerged,dependency_maintenance,exclude,post_453_459,"Dependabot vitest major update",none,"bot dependency update",none,none,not_applicable,"maintenance PR excluded from product-quality treatment"
465,merged,production_corrective,include,post_453_459,"repair password signup ownership verification token UX CPU amplification and enumeration","email ownership must be proven before activation; production secret exposure constrained","unit/integration contract regressions across signup verification delivery helpers",none,none,unadjudicated,"later GF-14 concurrency must not be attributed as introduced by 465 without source proof"
466,merged,research_instrumentation,exclude,study_protocol,"initialize PR cascade study",none,"research protocol only",none,none,not_applicable,"exclude from measured product-development population"
467,closed_unmerged,prospective_pilot_exception,exclude,graph_guided,"authority containment acceptance/architecture proof package","platform/tenant authority separation; queue authority invariants","focused + full + Docker + graph-selected proof",none,yes,protocol_exception,"historical study material marks this as invalid prospective pilot/protocol execution error"
468,merged,graph_measurement_intervention,separate,semantic_hardening,"harden graph detection for RLS egress state ownership/concurrency","new unacknowledged blocking semantic findings fail; known violations stay visible","graph completeness/invariant detector proof",none,none,not_applicable,"changes measurement sensitivity; do not interpret discovered-finding count as defect-rate change"
469,merged,production_corrective,include,post_468_semantic,"restore RLS and tenant session boundaries for usage/webhook tables","tenant rows isolated; unset context fail closed; admin bypass explicit","unit ordering + real PostgreSQL RLS + graph semantic closure",none,none,unadjudicated,"strong graph-integrated closure signature; causal contribution still requires contemporaneous evidence"
470,merged,architecture_adjudication,separate,post_468_semantic,"certify post-RLS baseline and explicit auth-session exception","repaired findings stay absent; frozen gaps stay visible; exception explicit","semantic ratchet",none,none,not_applicable,"no runtime behavior change"
471,closed_unmerged,corrective_design,premerge_evidence,post_468_semantic,"durable HTTP idempotency ownership using Redis; limited GF scope","exclusive claim-before-execute ownership","unit + real Redis planned proof","GF-25/26/28 deferred",yes,premerge_supersession_candidate,"reason for redesign to 472 requires causal adjudication"
472,merged,production_corrective,include,post_468_semantic,"durable HTTP execution ownership for GF-13/25/26/27 and operation identity","one durable execution authority; owner-safe claim/replay; fail closed","unit + real PostgreSQL 8-way contention + encrypted replay + graph closure",none,yes,unadjudicated,"broader than 471; do not attribute broadening to graph without source-backed cause"
473,merged,production_corrective,include,post_468_semantic,"atomic single-use verification bootstrap and refresh transitions","current credential authority atomically consumed before successor authority minted","real PostgreSQL concurrent contenders + graph closure ratchet",none,none,unadjudicated,"shared invariant spans three findings"
474,merged,research_instrumentation,exclude,study_method,"full-population extraction and multivariate research framework",none,"research tooling/data only",none,none,not_applicable,"historical analysis/data later absent from current main; use as historical methodology source only"
475,merged,production_corrective,include,post_468_semantic,"Redis lease owner integrity","only exact current owner may mutate lease lifecycle; owner-safe recovery","real Redis/Testcontainers adversarial owner proof + graph finding removal",none,none,unadjudicated,"targeted one-finding closure with residual findings preserved"
476,merged,production_corrective,include,post_468_semantic,"durable SMTP send ownership and ambiguous-outcome handling","pre-send claims recoverable; post-send-fence ambiguity must fail closed","unit exactly-once/replay/uncertain outcome proof + graph finding removal",none,none,unadjudicated,"safety favors manual reconciliation over duplicate resend"
477,merged,production_corrective,include,post_468_semantic,"atomic API-key capacity ownership","per-tenant capacity reserved under PostgreSQL row lock","real PostgreSQL concurrent-final-slot proof + graph finding removal",none,none,unadjudicated,"one authoritative lock reused across creation/bootstrap paths"
478,merged,production_corrective,include,post_468_semantic,"meter only authenticated external API-key traffic","trusted principal classification defines external API quota billing","unit admission/recording positive and negative policy proof","pricing redesign explicitly deferred",none,unadjudicated,"planned link to 480 should not be coded corrective by adjacency"
479,closed_unmerged,product_design,premerge_evidence,post_468_semantic,"pricing tier capacity redesign after metering repair","capacity contract by tier","real PostgreSQL capacity/entitlement proof",none,yes,mechanical_replacement_candidate,"480 explicitly says replacement was to force CI certification on immutable head"
480,merged,product_feature_config,include_as_evolution,post_468_semantic,"rebalance SaaS capacity tiers","plan entitlements/capacities owned in repository; prices remain Stripe IDs","migration + real PostgreSQL capacities/entitlements",none,yes,planned_evolution,"follows 478 by stated product sequence; not corrective by default"
481,merged,graph_capability_intervention,separate,function_level_graph,"add function-level mission-composition diagnostics","file-level impact/proof remains authoritative; function layer diagnostic","graph generator + function call/test impact tests",none,none,not_applicable,"changes diagnostic granularity for later mission-composition cases"
482,closed_unmerged,corrective_design,premerge_evidence,function_level_graph,"fix false clause coverage from descriptive conjunction segmentation","keep clause coverage strict while preserving descriptive phrases","focused regression + graph-selected CI intent",none,yes,premerge_supersession_candidate,"reason for replacement by 483 needs source-backed adjudication"
483,merged,production_corrective,include,function_level_graph,"preserve descriptive clause conjunctions while keeping unsupported actions fail closed","clause coverage remains strict; split only imperative/policy boundaries","focused semantic regressions",none,yes,unadjudicated,"replacement of 482; not automatically a graph-success event"
484,merged,planned_feature_semantics,include_as_evolution,function_level_graph,"typed deliverable request contract for RevOps","unknown requested fields remain unresolved; contract grants no authority","contract/parser proof","MissionIntent wiring and clause coverage explicitly next",none,planned_dependency,"first of heavily predeclared staged deliverable sequence"
485,merged,planned_feature_semantics,include_as_evolution,function_level_graph,"wire typed deliverable request into MissionIntent","caller-supplied contract must match raw instruction; no runtime authority expansion","intent/live prompt/unresolved-field proof","deliverable clause accounting explicitly next",none,planned_dependency,"deliberately leaves clause accounting fail closed"
486,merged,planned_feature_semantics,include_as_evolution,function_level_graph,"account fully understood typed deliverable clauses before readiness","unknown/unresolved material remains unmatched and fail closed","interpretation readiness/regression proof","artifact projection follows conceptually",none,planned_dependency,"planned semantic progression"
487,merged,planned_feature_semantics,include_as_evolution,function_level_graph,"map requested deliverable fields to artifacts as bound candidate unresolved","candidate is not satisfaction; projection grants no authority","projection contract proof","typed artifact schemas explicitly next",none,planned_dependency,"planned progression"
488,merged,planned_feature_schema,include_as_evolution,function_level_graph,"typed artifact field schemas for proven subfields","structural binding is not production proof","schema drift + producer evidence proof","materialized artifact validation explicitly next",none,planned_dependency,"planned progression"
489,merged,planned_feature_completion,include_as_evolution,function_level_graph,"artifact-backed deliverable completion evaluator","task/job success may coexist with incomplete deliverable","typed artifact validation/completion proof","runtime completion wiring explicitly next",none,planned_dependency,"pure evaluator by stated scope"
490,merged,planned_feature_runtime_state,include_as_evolution,function_level_graph,"durable non-authoritative deliverable runtime state","runtime must not reinterpret raw instruction at task completion","serialization/authority rejection proof","confirm persistence + runtime consumption explicitly next",none,planned_dependency,"planned progression"
491,merged,planned_runtime_integration,include_as_evolution,function_level_graph,"wire deliverable completion read model at worker boundary","task completion independent from deliverable completion","artifact aggregation/conflict + live runtime proof requirement","owner wiring steps explicitly listed in draft",none,planned_dependency,"staged integration; inspect final diff for any corrective subchanges"
492,merged,ci_proof_intervention,separate,premerge_live_proof,"run prod-like live runtime proof before merge","runtime-sensitive PRs should receive pre-merge Compose proof","canonical live-runtime script in PR workflow",none,none,not_applicable,"independent confounder for later escape rate"
493,merged,observability_feature,include_as_evolution,premerge_live_proof,"expose validated tenant-scoped deliverable runtime state","complete recomputed from field statuses; forged/drift state rejected","projection + API fail-closed proof",none,none,planned_evolution,"observability only by stated scope"
494,merged,planned_feature_schema,include_as_evolution,premerge_live_proof,"expand RevOps typed artifact coverage","missing values empty not invented; empty values do not satisfy completion","producer/catalog/projection/completion/runtime read-model proof","worker enforcement explicitly next",none,planned_dependency,"later real-use candidate quality issue may expose an unclosed semantic boundary; do not back-propagate causation without adjudication"
495,merged,runtime_contract_hardening,include,premerge_live_proof,"enforce exact declared artifact and typed structural schema at WorkerRuntimeService.complete","validation before state mutation; structural success distinct from deliverable satisfaction","shared validator + worker rejection/acceptance + real mission integration + exact-head gates",none,none,unadjudicated,"hardening layer in planned RevOps sequence; relation to future candidate-truth issue requires separate analysis"
496,merged,planned_feature_assembly,include_as_evolution,premerge_live_proof,"assemble read-only mission-level RevOps deliverable","task success independent from completion; no real effect without real=true; tenant scope and receipt truth","complete/partial/conflict/tenant/review/effect/evidence unit/API proof",none,none,unadjudicated,"latest frozen boundary; right-censored for downstream corrective outcomes"
