evidence_id,layer,claim,source_status,repository_basis,verification_status,confidence,causal_status,follow_up
revops-001,evaluator_self_correction,Evaluator previously reduced broader graph product to canonical dependency graph,user_supplied_capture,Evaluator statement preserved in source,self_reported,high,process_observation,Preserve exact chronology and compare later graph-use trace
revops-002,runtime_observation,Web research completed with unverified/non-real candidate semantics,user_supplied_capture,Runtime report only,source_reported,medium,observed_not_repository_reconstructed,Capture task output lineage and evidence records
revops-003,runtime_observation,Knowledge retrieval failed,user_supplied_capture,Runtime report only,source_reported,high,observed_failure_exact_cause_unknown,Inspect worker audit event reason
revops-004,runtime_observation,Lead enrichment failed after empty qualified prospects binding,user_supplied_capture,Binder rejects required empty prospect world,partially_verified,high,mechanism_supported_specific_event_needs_record,Inspect enrichment audit reason and bound input audit
revops-005,runtime_observation,Recommendation and email drafting remained queued with repeated dependency deferrals,user_supplied_capture,pending_dependency_keys plus worker defer/requeue path,partially_verified,high,mechanism_supported_specific_metadata_needs_record,Capture dependency_keys and deferral metadata
revops-006,static_contract,Job dependencies preserve hard conditional optional semantics,repository,contracts.py JobDependency and DependencyKind,verified,high,descriptive,None
revops-007,static_compiler,PlannedStepPreview does not preserve dependency kind,repository,contracts.py depends_on list[str],verified,high,mechanism,None
revops-008,static_compiler,Compiler resolves selected typed dependencies without branching on kind,repository,plan_compiler.py _resolved_dependency_job_keys,verified,high,mechanism,Test optional and conditional materialization explicitly
revops-009,static_graph,Compiled task graph emits generic depends_on dependency_type,repository,plan_compiler.py compile_task_graph_preview,verified,high,mechanism,Preserve typed semantics through materialization/runtime
revops-010,static_runtime,Dependency readiness considers only completed ready,repository,mission_input_binding.py pending_dependency_keys,verified,high,mechanism,Add terminal-state semantic tests
revops-011,static_runtime,Worker returns dependency-deferred task to queued and releases lease,repository,worker_runtime_service.py claim_next_task,verified,high,mechanism,Replay failed hard and optional dependency scenarios
revops-012,static_rollup,Mission remains nonterminal while open queued descendants exist,repository,worker_runtime_service.py _maybe_rollup_mission_status,verified,high,mechanism,Prove impossible descendants terminalize causally
revops-013,artifact_contract,Empty per-item artifact list passes structural validator,repository,artifact_schemas.py validate_artifact_payload,verified,high,mechanism,Decide explicit cardinality/viability contract ownership
revops-014,binding_contract,binding_required can reject empty prospect world,repository,mission_input_binding.py apply_input_bindings,verified,high,mechanism,Test empty qualified_prospects path end to end
revops-015,knowledge_contract,Knowledge job declares observed_contacts required and hard observe dependency,repository,job_catalog.py intelligence.retrieve_knowledge,verified,high,descriptive,None
revops-016,knowledge_contract,Compiler deliberately emits no artifact binding for knowledge.retrieve_current,repository,plan_compiler.py _binding_input_path returns None,verified,high,contract_mismatch,Determine intended knowledge input contract
revops-017,knowledge_failure,Specific knowledge failure was caused by missing binding,user_supplied_capture_plus_static_mismatch,Audit failure reason not inspected,unresolved,low,not_adjudicated,Retrieve audit event details
revops-018,observability,ExecutionTask has no dedicated failure code/reason field,repository,domain/execution_task.py,verified,high,model_observation,Inspect API/read-model projections
revops-019,observability,Worker failure reason is written to AuditEvent.details,repository,worker_runtime_service.py fail,verified,high,model_observation,Verify surfaced/non-surfaced paths in mission/task read models
revops-020,graph_product,Canonical graph docs do not document first-class job artifact runtime-task failure-chain nodes,repository,docs/architecture/dependency-graph.md,verified_as_documentation_state,medium,graph_schema_gap_candidate,Inspect generator schema and current generated artifact
revops-021,graph_contribution,Graph inspection broadened diagnosis beyond producer boundary,user_supplied_capture,Exact graph command/query trace absent,partially_supported,medium,contribution_unresolved,Capture graph queries and selected nodes/edges
revops-022,study_outcome,Graph-assisted repair reduces corrective cascade risk,none,No repair/replay/downstream observation yet,untested,none,right_censored,Observe implementation PR replay and later descendants
