queue_id,source_pr,target_pr,candidate_reason,explicit_reference,provisional_candidate_class,priority,adjudication_status,evidence_locator,notes
AQ001,3,9,"Later PR appears to reopen/replace a closed broad implementation attempt",true,supersession,medium,unadjudicated,"PR #9 body/history","Calibration case for closed-unmerged replacement."
AQ002,12,26,"#26 explicitly states pre-existing errors became visible when CI gate #12 merged",true,exposed_latent_defect,high,unadjudicated,"PR #26 body","Important exposure—not introduction—calibration case."
AQ003,58,59,"#59 explicitly adds regression tests for late feedback from #58",true,correction_of_previous_change,high,unadjudicated,"PR #59 body","Both PRs touch only two files; semantic-contract case."
AQ004,107,108,"#108 explicitly states #107 checked lease state after mutating it",true,correction_of_previous_change,high,unadjudicated,"PR #108 body","Single-path temporal/state-ordering case."
AQ005,109,111,"#111 described as clean replacement for stale #109 after intervening work",true,supersession,medium,unadjudicated,"PR #111 body/history","Pre-merge/process replacement candidate."
AQ006,164,165,"#164 defers route migration; #165 rolls tenant-scoped sessions through tenant routes",true,incomplete_or_planned_rollout,high,unadjudicated,"PR #164/#165 bodies","Must distinguish intentional sequencing from incomplete implementation."
AQ007,164,166,"#166 identifies audit_events RLS gap after #164",true,incomplete_original_change,high,unadjudicated,"PR #166 body","Tenant-isolation blast-radius case."
AQ008,168,169,"#169 repairs compliance/opt-out bypass after compliance foundation",true,correction_or_incomplete_change,high,unadjudicated,"PR #169 body","Inspect exact introduction point before grading."
AQ009,183,184,"#184 explicitly follows event-delivery foundation with SQLAlchemy/default/idempotency hardening",true,required_hardening,medium,unadjudicated,"PR #184 body","Useful distinction between defect correction and hardening."
AQ010,188,189,"#189 explicitly addresses late review finding after live DB dispatcher proof",true,correction_of_previous_change,high,unadjudicated,"PR #189 body","Review-discovered test/evidence correctness case."
AQ011,196,197,"#196 intentionally closed after validation failures; #197 is clean implementation attempt",true,supersession_premerge,high,unadjudicated,"PR #196/#197 bodies/history","Pre-merge interception candidate."
AQ012,250,252,"#252 clean replacement from current main after prior broad auth/idempotency work",true,required_hardening_or_supersession,medium,unadjudicated,"PR #252 body","Separate from #251 relation."
AQ013,251,252,"#252 states #251 became conflict-heavy and is replaced by clean branch",true,supersession,high,unadjudicated,"PR #252 body","Direct process-supersession candidate."
AQ014,315,316,"Near-duplicate evidence-reference changes",false,duplicate_or_supersession,low,unadjudicated,"PR #315/#316 diffs and bodies","Do not infer from adjacency; inspect."
AQ015,325,326,"Near-duplicate side-effect completion/replay-risk changes",false,correction_or_supersession,medium,unadjudicated,"PR #325/#326 diffs and bodies","Inspect causal relationship."
AQ016,347,348,"#348 explicitly follows #347 and addresses three Codex P2 findings",true,correction_of_previous_change,high,unadjudicated,"PR #348 body","Strong corrective candidate."
AQ017,348,349,"#349 follows prior composition fixes with credential/proposal not-found handling",false,correction_or_hardening,medium,unadjudicated,"PR #349 body/diff","Determine whether introduced, exposed, or independent."
AQ018,350,351,"#351 says it supersedes incomplete path that widened allowlists without fixing transport",true,correction_or_supersession,high,unadjudicated,"PR #351 body","Transport/credential semantic mismatch."
AQ019,351,352,"#352 identifies SMTP/platform_master pre-send idempotency risk after provider-path repair",true,required_hardening_or_correction,high,unadjudicated,"PR #352 body","Potential side-effect safety propagation."
AQ020,369,370,"#370 explicitly follows Codex review on #369 with P1/P2 findings",true,correction_of_previous_change,high,unadjudicated,"PR #370 body","Start of long semantic-fragmentation chain."
AQ021,370,371,"#371 explicitly addresses Codex P2 on #370",true,correction_of_correction,high,unadjudicated,"PR #371 body","Direct corrective propagation."
AQ022,371,372,"#372 explicitly identifies Codex P1 on #371",true,correction_of_correction,high,unadjudicated,"PR #372 body","Severity escalation candidate."
AQ023,372,373,"#373 continues the same outreach/binding correction sequence",true,correction_of_correction,high,unadjudicated,"PR #373 body/history","Newly identified continuation beyond previously documented #372 endpoint."
AQ024,373,374,"#374 continues exact-domain/deliverability correction sequence",true,correction_of_correction,high,unadjudicated,"PR #374 body/history","Makes chain at least five corrective generations after #369."
AQ025,375,376,"Trust-boundary hotfix follows graph/world-state binding work",false,correction_or_exposure,medium,unadjudicated,"PR #375/#376 bodies/diffs","Need introduction proof."
AQ026,378,379,"#379 explicitly reports Codex P1 stale planned-task materialization after #378 server compilation change",true,correction_of_previous_change,high,unadjudicated,"PR #379 body","Compile/materialization trust-boundary case."
AQ027,379,380,"#380 completes compiler trust-boundary work after #379",true,planned_extension_or_required_hardening,medium,unadjudicated,"PR #380 body","Calibration against overcalling correction."
AQ028,381,382,"#382 body cites Codex P2 on #381 involving web.research target contamination",true,correction_candidate,medium,unadjudicated,"PR #382 body","Explicit reference exists but introduction causality requires diff inspection."
AQ029,396,401,"#401 states dependency state after #396 Wrangler update allowed/introduced undici audit failure",true,dependency_regression,high,unadjudicated,"PR #401 body and dependency diffs","Dependency-maintenance causal edge candidate."
AQ030,400,403,"#403 explicitly reverts PR #400 while retaining intervening changes",true,revert,high,unadjudicated,"PR #403 body/history","Direct revert calibration case."
AQ031,409,411,"#411 explicitly strengthens deterministic contracts introduced in #409",true,required_hardening,high,unadjudicated,"PR #411 body","Likely hardening rather than regression."
AQ032,414,417,"#417 explicitly says it supersedes closed #414",true,supersession,high,unadjudicated,"PR #417 body","Pre-merge/process evidence."
AQ033,417,418,"#418 appears to productize/complete Experience Intelligence after #417",false,planned_extension_or_supersession,medium,unadjudicated,"PR #417/#418 bodies/diffs","Do not assume supersession without evidence."
AQ034,431,432,"#432 closes Knowledge→Decision seam after #431",true,required_hardening_or_correction,medium,unadjudicated,"PR #432 body","Semantic seam-closure candidate."
AQ035,432,433,"#433 hardens intelligence provenance/decision confidence after seam work",false,required_hardening,medium,unadjudicated,"PR #433 body/diff","Potential planned hardening."
AQ036,433,434,"#434 preserves durable ancestry after provenance hardening",false,required_hardening_or_planned_extension,medium,unadjudicated,"PR #434 body/diff","Inspect same-invariant cluster."
AQ037,434,435,"#435 explicitly says it fixes a staging fixture on #434 but underlying defect may predate it",true,exposure_or_correction,high,unadjudicated,"PR #435 body","Important introduced-vs-exposed calibration case."
AQ038,452,453,"#453 says classifier models the PR #452 Google Docs class of failure",true,architecture_instrumentation_after_observation,high,unadjudicated,"PR #453 body","Measurement-system response, not necessarily correction of #452."
AQ039,453,454,"Classifier followed by canonical graph foundation",true,planned_graph_progression,medium,unadjudicated,"PR #454 body","Negative-control style planned sequence."
AQ040,454,455,"Canonical graph followed by blast-radius analyzer",true,planned_graph_progression,medium,unadjudicated,"PR #455 body","Graph maturity reconstruction."
AQ041,455,456,"Blast-radius analyzer followed by graph-aware proof selection",true,planned_graph_progression,medium,unadjudicated,"PR #456 body","Graph maturity reconstruction."
AQ042,456,457,"Proof selection followed by selective-CI shadow execution",true,planned_graph_progression,medium,unadjudicated,"PR #457 body","Graph maturity reconstruction."
AQ043,457,458,"Selective-CI shadow followed by graph completeness audit",true,planned_graph_progression,medium,unadjudicated,"PR #458 body","Graph maturity reconstruction."
AQ044,458,459,"Completeness audit followed by architecture decision manifest",true,planned_graph_progression,medium,unadjudicated,"PR #459 body","Graph maturity reconstruction."
AQ045,459,460,"First production correction after architecture decision stack",false,intervention_transition,high,unadjudicated,"PR #459/#460 contemporaneous evidence","Used to reconstruct treatment capability, not causal defect edge."
AQ046,465,473,"Later GF-14 closure reveals broader single-use concurrency invariant remained open after strong verification repair",false,incomplete_governing_invariant,high,unadjudicated,"PR #465, frozen GF-14 evidence, PR #473","Do not code as #465 introduced GF-14 without source-history proof."
AQ047,471,472,"Same base SHA; narrower Redis design closed unmerged and broader PostgreSQL authority merged",true,supersession_premerge,high,unadjudicated,"PR #471/#472 metadata and bodies","Key pre-merge architectural-broadening case."
AQ048,468,469,"#469 explicitly repairs post-#468 tenant-isolation cluster exposed by hardened semantic graph",true,graph_exposed_remediation,high,unadjudicated,"PR #469 body","Distinguish detector exposure from defect introduction."
AQ049,469,470,"#470 certifies post-#469 semantic baseline and adjudicates explicit exception",true,architecture_reconciliation,high,unadjudicated,"PR #470 body","Closure/model-adjudication relation, not correction by default."
